t,x,y,z,w,w_pred,v,q
7.4,16.0,0.2940150000000017,0.30000000000000004,1.6,1.6,100.0,0.0
7.41,16.0,0.3640180000000015,0.30000000000000004,1.6,1.6,100.0,0.0
7.42,16.0,0.4340219999999988,0.30000000000000004,1.6,1.6,100.0,0.0
7.43,16.0,0.5040249999999986,0.30000000000000004,1.6,1.6,100.0,0.0
7.44,16.0,0.5740289999999995,0.30000000000000004,1.6,1.6,100.0,0.0
7.45,16.0,0.6440319999999993,0.30000000000000004,1.6,1.6,100.0,0.0
7.46,16.0,0.7140360000000001,0.30000000000000004,1.6,1.6,100.0,0.0
7.47,16.0,0.7840389999999999,0.30000000000000004,1.6,1.6,100.0,0.0
7.48,16.0,0.8540430000000008,0.30000000000000004,1.6,1.6,100.0,0.0
7.49,16.0,0.9240460000000006,0.30000000000000004,1.6,1.6,100.0,0.0
7.5,16.0,0.9940500000000014,0.30000000000000004,1.6,1.6,100.0,0.0
7.51,16.0,1.0640530000000012,0.30000000000000004,1.6,1.6,100.0,0.0
7.52,16.0,1.1340569999999985,0.30000000000000004,1.6,1.6,100.0,0.0
7.53,16.0,1.2040599999999984,0.30000000000000004,1.6,1.6,100.0,0.0
7.54,16.0,1.2740639999999992,0.30000000000000004,1.6,1.6,100.0,0.0
7.55,16.0,1.344066999999999,0.30000000000000004,1.6,1.6,100.0,0.0
7.56,16.0,1.4140709999999999,0.30000000000000004,1.6,1.6,50.0,0.0
7.57,16.0,1.4840739999999997,0.30000000000000004,1.6,1.6,50.0,0.0
7.58,16.0,1.5540780000000005,0.30000000000000004,1.6,1.6,50.0,0.0
7.59,16.0,1.6240810000000003,0.30000000000000004,1.6,1.6,50.0,0.0
7.6,16.0,1.6940850000000012,0.30000000000000004,1.6,1.6,50.0,0.0
7.61,16.0,1.764088000000001,0.30000000000000004,1.6,1.6,50.0,0.0
7.62,16.0,1.8340919999999983,0.30000000000000004,1.6,1.6,50.0,0.0
7.63,16.0,1.9040950000000016,0.30000000000000004,1.6,1.6,50.0,0.0
7.64,16.0,1.974098999999999,0.30000000000000004,1.6,1.6,50.0,0.0
7.65,16.0,2.0441019999999988,0.30000000000000004,1.6,1.6,50.0,0.0
7.66,16.0,2.1141059999999996,0.30000000000000004,1.6,1.6,50.0,0.0
7.67,16.0,2.1841089999999994,0.30000000000000004,1.6,1.6,50.0,0.0
7.68,16.0,2.2541130000000003,0.30000000000000004,1.6,1.6,50.0,0.0
7.69,16.0,2.324116,0.30000000000000004,1.6,1.6,50.0,0.0
7.7,16.0,2.394120000000001,0.30000000000000004,1.6,1.6,50.0,0.0
7.71,16.0,2.4641230000000007,0.30000000000000004,1.6,1.6,50.0,0.0
7.72,16.0,2.5341270000000016,0.30000000000000004,1.6,1.6,50.0,0.0
7.73,16.0,2.6041300000000014,0.30000000000000004,1.6,1.6,50.0,0.0
7.74,16.0,2.6741339999999987,0.30000000000000004,1.6,1.6,50.0,0.0
7.75,16.0,2.7441369999999985,0.30000000000000004,1.6,1.6,50.0,0.0
7.76,16.0,2.8141409999999993,0.30000000000000004,1.6,1.6,50.0,0.0
7.77,16.0,2.884143999999999,0.30000000000000004,1.6,1.6,50.0,0.0
7.78,16.0,2.954148,0.30000000000000004,1.6,1.6,50.0,0.0
7.79,16.0,3.024151,0.30000000000000004,1.6,1.6,50.0,0.0
7.8,16.0,3.0941550000000007,0.30000000000000004,1.6,1.6,50.0,0.0
7.81,16.0,3.1641580000000005,0.30000000000000004,1.6,1.6,50.0,0.0
7.82,16.0,3.2341620000000013,0.30000000000000004,1.6,1.6,50.0,0.0
7.83,16.0,3.304165000000001,0.30000000000000004,1.6,1.6,50.0,0.0
7.84,16.0,3.3741689999999984,0.30000000000000004,1.6,1.6,50.0,0.0
7.85,16.0,3.4441719999999982,0.30000000000000004,1.6,1.6,50.0,0.0
7.86,16.0,3.514175999999999,0.30000000000000004,1.6,1.6,50.0,0.0
7.87,16.0,3.584178999999999,0.30000000000000004,1.6,1.6,50.0,0.0
7.88,16.0,3.6541829999999997,0.30000000000000004,1.6,1.6,50.0,0.0
7.89,16.0,3.7241859999999996,0.30000000000000004,1.6,1.6,50.0,0.0
7.9,16.0,3.7941900000000004,0.30000000000000004,1.6,1.6,50.0,0.0
7.91,16.0,3.864193,0.30000000000000004,1.6,1.6,50.0,0.0
7.92,16.0,3.934197000000001,0.30000000000000004,1.6,1.6,50.0,0.0
7.93,16.0,4.004200000000001,0.30000000000000004,1.6,1.6,50.0,0.0
7.94,16.0,4.074204000000002,0.30000000000000004,1.6,1.6,50.0,0.0
7.95,16.0,4.1442070000000015,0.30000000000000004,1.6,1.6,50.0,0.0
7.96,16.0,4.214210999999999,0.30000000000000004,1.6,1.6,50.0,0.0
7.97,16.0,4.284213999999999,0.30000000000000004,1.6,1.6,50.0,0.0
7.98,16.0,4.3542179999999995,0.30000000000000004,1.6,1.6,50.0,0.0
7.99,16.0,4.424220999999999,0.30000000000000004,1.6,1.6,50.0,0.0
8.0,16.0,4.494225,0.30000000000000004,1.6,1.6,50.0,0.0
8.01,16.0,4.564228,0.30000000000000004,1.6,1.6,50.0,0.0
8.02,16.0,4.634232000000001,0.30000000000000004,1.6,1.6,50.0,0.0
8.03,16.0,4.704235000000001,0.30000000000000004,1.6,1.6,50.0,0.0
8.04,16.0,4.7742390000000015,0.30000000000000004,1.6,1.6,50.0,0.0
8.05,16.0,4.844242000000001,0.30000000000000004,1.6,1.6,50.0,0.0
8.06,16.0,4.914245999999999,0.30000000000000004,1.6,1.6,50.0,0.0
8.07,16.0,4.984248999999998,0.30000000000000004,1.6,1.6,50.0,0.0
8.08,16.0,5.054252999999999,0.30000000000000004,1.6,1.6,50.0,0.0
8.09,16.0,5.124255999999999,0.30000000000000004,1.6,1.6,50.0,0.0
8.1,16.0,5.19426,0.30000000000000004,1.6,1.6,50.0,0.0
8.11,16.0,5.264263,0.30000000000000004,1.6,1.6,50.0,0.0
8.12,16.0,5.3342670000000005,0.30000000000000004,1.6,1.6,50.0,0.0
8.13,16.0,5.40427,0.30000000000000004,1.6,1.6,50.0,0.0
8.14,16.0,5.474274000000001,0.30000000000000004,1.6,1.6,50.0,0.0
8.15,16.0,5.544277000000001,0.30000000000000004,1.6,1.6,50.0,0.0
8.16,16.0,5.614280999999998,0.30000000000000004,1.6,1.6,50.0,0.0
8.17,16.0,5.684284000000002,0.30000000000000004,1.6,1.6,50.0,0.0
8.18,16.0,5.754287999999999,0.30000000000000004,1.6,1.6,50.0,0.0
8.19,16.0,5.824290999999999,0.30000000000000004,1.6,1.6,50.0,0.0
8.2,16.0,5.894295,0.30000000000000004,1.6,1.6,50.0,0.0
8.21,16.0,5.964297999999999,0.30000000000000004,1.6,1.6,50.0,0.0
8.22,16.0,6.034302,0.30000000000000004,1.6,1.6,50.0,0.0
8.23,16.0,6.104305,0.30000000000000004,1.6,1.6,50.0,0.0
8.24,16.0,6.174309000000001,0.30000000000000004,1.6,1.6,50.0,0.0
8.25,16.0,6.244312000000001,0.30000000000000004,1.6,1.6,50.0,0.0
8.26,16.0,6.314316000000002,0.30000000000000004,1.6,1.6,50.0,0.0
8.27,16.0,6.384319000000001,0.30000000000000004,1.6,1.6,50.0,0.0
8.28,16.0,6.454322999999999,0.30000000000000004,1.6,1.6,50.0,0.0
8.29,16.0,6.5243259999999985,0.30000000000000004,1.6,1.6,50.0,0.0
8.3,16.0,6.594329999999999,0.30000000000000004,1.6,1.6,50.0,0.0
8.31,16.0,6.664332999999999,0.30000000000000004,1.6,1.6,50.0,0.0
8.32,16.0,6.734337,0.30000000000000004,1.6,1.6,50.0,0.0
8.33,16.0,6.80434,0.30000000000000004,1.6,1.6,50.0,0.0
8.34,16.0,6.874344000000001,0.30000000000000004,1.6,1.6,50.0,0.0
8.35,16.0,6.9443470000000005,0.30000000000000004,1.6,1.6,50.0,0.0
8.36,16.0,7.014351000000001,0.30000000000000004,1.6,1.6,50.0,0.0
8.37,16.0,7.084354000000001,0.30000000000000004,1.6,1.6,50.0,0.0
8.38,16.0,7.154357999999998,0.30000000000000004,1.6,1.6,50.0,0.0
8.39,16.0,7.224360999999998,0.30000000000000004,1.6,1.6,50.0,0.0
8.4,16.0,7.294364999999999,0.30000000000000004,1.6,1.6,50.0,0.0
8.41,16.0,7.364367999999999,0.30000000000000004,1.6,1.6,50.0,0.0
8.42,16.0,7.434372,0.30000000000000004,1.6,1.6,50.0,0.0
8.43,16.0,7.504375,0.30000000000000004,1.6,1.6,50.0,0.0
8.44,16.0,7.574379,0.30000000000000004,1.6,1.6,50.0,0.0
8.45,16.0,7.644382,0.30000000000000004,1.6,1.6,50.0,0.0
8.46,16.0,7.714386000000001,0.30000000000000004,1.6,1.6,50.0,0.0
8.47,16.0,7.784389000000001,0.30000000000000004,1.6,1.6,50.0,0.0
8.48,16.0,7.854393000000002,0.30000000000000004,1.6,1.6,50.0,0.0
8.49,16.0,7.9243960000000015,0.30000000000000004,1.6,1.6,50.0,0.0
8.5,16.0,7.994399999999999,0.30000000000000004,1.6,1.6,50.0,0.0
8.51,16.0,8.064402999999999,0.30000000000000004,1.6,1.6,50.0,0.0
8.52,16.0,8.134407,0.30000000000000004,1.6,1.6,50.0,0.0
8.53,16.0,8.20441,0.30000000000000004,1.6,1.6,50.0,0.0
8.54,16.0,8.274414,0.30000000000000004,1.6,1.6,50.0,0.0
8.55,16.0,8.344417,0.30000000000000004,1.6,1.6,50.0,0.0
8.56,16.0,8.414421,0.30000000000000004,1.6,1.6,50.0,0.0
8.57,16.0,8.484424,0.30000000000000004,1.6,1.6,50.0,0.0
8.58,16.0,8.554428000000001,0.30000000000000004,1.6,1.6,50.0,0.0
8.59,16.0,8.624431000000001,0.30000000000000004,1.6,1.6,50.0,0.0
8.6,16.0,8.694434999999999,0.30000000000000004,1.6,1.6,50.0,0.0
8.61,16.0,8.764437999999998,0.30000000000000004,1.6,1.6,50.0,0.0
8.62,16.0,8.834442,0.30000000000000004,1.6,1.6,50.0,0.0
8.63,16.0,8.904444999999999,0.30000000000000004,1.6,1.6,50.0,0.0
8.64,16.0,8.974449,0.30000000000000004,1.6,1.6,50.0,0.0
8.65,16.0,9.044452,0.30000000000000004,1.6,1.6,50.0,0.0
8.66,16.0,9.114456,0.30000000000000004,1.6,1.6,50.0,0.0
8.67,16.0,9.184459,0.30000000000000004,1.6,1.6,50.0,0.0
8.68,16.0,9.254463000000001,0.30000000000000004,1.6,1.6,50.0,0.0
8.69,16.0,9.324466000000001,0.30000000000000004,1.6,1.6,50.0,0.0
8.7,16.0,9.394469999999998,0.30000000000000004,1.6,1.6,50.0,0.0
8.71,16.0,9.464473000000002,0.30000000000000004,1.6,1.6,50.0,0.0
8.72,16.0,9.534476999999999,0.30000000000000004,1.6,1.6,50.0,0.0
8.73,16.0,9.604479999999999,0.30000000000000004,1.6,1.6,50.0,0.0
8.74,16.0,9.674484,0.30000000000000004,1.6,1.6,50.0,0.0
8.75,16.0,9.744487,0.30000000000000004,1.6,1.6,50.0,0.0
8.76,16.0,9.814491,0.30000000000000004,1.6,1.6,50.0,0.0
8.77,16.0,9.884494,0.30000000000000004,1.6,1.6,50.0,0.0
8.78,16.0,9.954498000000001,0.30000000000000004,1.6,1.6,50.0,0.0
8.79,16.0,10.024501,0.30000000000000004,1.6,1.6,50.0,0.0
8.8,16.0,10.094505000000002,0.30000000000000004,1.6,1.6,50.0,0.0
8.81,16.0,10.164508000000001,0.30000000000000004,1.6,1.6,50.0,0.0
8.82,16.0,10.234511999999999,0.30000000000000004,1.6,1.6,50.0,0.0
8.83,16.0,10.304514999999999,0.30000000000000004,1.6,1.6,50.0,0.0
8.84,16.0,10.374519,0.30000000000000004,1.6,1.6,50.0,0.0
8.85,16.0,10.444522,0.30000000000000004,1.6,1.6,50.0,0.0
8.86,16.0,10.514526,0.30000000000000004,1.6,1.6,50.0,0.0
8.87,16.0,10.584529,0.30000000000000004,1.6,1.6,50.0,0.0
8.88,16.0,10.654533,0.30000000000000004,1.6,1.6,50.0,0.0
8.89,16.0,10.724536,0.30000000000000004,1.6,1.6,50.0,0.0
8.9,16.0,10.794540000000001,0.30000000000000004,1.6,1.6,50.0,0.0
8.91,16.0,10.864543000000001,0.30000000000000004,1.6,1.6,50.0,0.0
8.92,16.0,10.934546999999998,0.30000000000000004,1.6,1.6,50.0,0.0
8.93,16.0,11.004549999999998,0.30000000000000004,1.6,1.6,50.0,0.0
8.94,16.0,11.074554,0.30000000000000004,1.6,1.6,50.0,0.0
8.95,16.0,11.144556999999999,0.30000000000000004,1.6,1.6,50.0,0.0
8.96,16.0,11.214561,0.30000000000000004,1.6,1.6,50.0,0.0
8.97,16.0,11.284564,0.30000000000000004,1.6,1.6,50.0,0.0
8.98,16.0,11.354568,0.30000000000000004,1.6,1.6,50.0,0.0
8.99,16.0,11.424571,0.30000000000000004,1.6,1.6,50.0,0.0
9.0,16.0,11.494575000000001,0.30000000000000004,1.6,1.6,50.0,0.0
9.01,16.0,11.564578000000001,0.30000000000000004,1.6,1.6,50.0,0.0
9.02,16.0,11.634582000000002,0.30000000000000004,1.6,1.6,50.0,0.0
9.03,16.0,11.704585000000002,0.30000000000000004,1.6,1.6,50.0,0.0
9.04,16.0,11.774588999999999,0.30000000000000004,1.6,1.6,50.0,0.0
9.05,16.0,11.844591999999999,0.30000000000000004,1.6,1.6,50.0,0.0
9.06,16.0,11.914596,0.30000000000000004,1.6,1.6,50.0,0.0
9.07,16.0,11.984599,0.30000000000000004,1.6,1.6,50.0,0.0
9.08,16.0,12.054603,0.30000000000000004,1.6,1.6,50.0,0.0
9.09,16.0,12.124606,0.30000000000000004,1.6,1.6,50.0,0.0
9.1,16.0,12.19461,0.30000000000000004,1.6,1.6,50.0,0.0
9.11,16.0,12.264613,0.30000000000000004,1.6,1.6,50.0,0.0
9.12,16.0,12.334617000000001,0.30000000000000004,1.6,1.6,50.0,0.0
9.13,16.0,12.404620000000001,0.30000000000000004,1.6,1.6,50.0,0.0
9.14,16.0,12.474623999999999,0.30000000000000004,1.6,1.6,50.0,0.0
9.15,16.0,12.544626999999998,0.30000000000000004,1.6,1.6,50.0,0.0
9.16,16.0,12.614631,0.30000000000000004,1.6,1.6,50.0,0.0
9.17,16.0,12.684633999999999,0.30000000000000004,1.6,1.6,50.0,0.0
9.18,16.0,12.754638,0.30000000000000004,1.6,1.6,50.0,0.0
9.19,16.0,12.824641,0.30000000000000004,1.6,1.6,50.0,0.0
9.2,16.0,12.894645,0.30000000000000004,1.6,1.6,50.0,0.0
9.21,16.0,12.964648,0.30000000000000004,1.6,1.6,50.0,0.0
9.22,16.0,13.034652000000001,0.30000000000000004,1.6,1.6,50.0,0.0
9.23,16.0,13.104655000000001,0.30000000000000004,1.6,1.6,50.0,0.0
9.24,16.0,13.174658999999998,0.30000000000000004,1.6,1.6,50.0,0.0
9.25,16.0,13.244662000000002,0.30000000000000004,1.6,1.6,50.0,0.0
9.26,16.0,13.314665999999999,0.30000000000000004,1.6,1.6,50.0,0.0
9.27,16.0,13.384668999999999,0.30000000000000004,1.6,1.6,50.0,0.0
9.28,16.0,13.454673,0.30000000000000004,1.6,1.6,50.0,0.0
9.29,16.0,13.524676,0.30000000000000004,1.6,1.6,50.0,0.0
9.3,16.0,13.59468,0.30000000000000004,1.6,1.6,50.0,0.0
9.31,16.0,13.664683,0.30000000000000004,1.6,1.6,50.0,0.0
9.32,16.0,13.734687000000001,0.30000000000000004,1.6,1.6,50.0,0.0
9.33,16.0,13.80469,0.30000000000000004,1.6,1.6,50.0,0.0
9.34,16.0,13.874694000000002,0.30000000000000004,1.6,1.6,50.0,0.0
9.35,16.0,13.944697000000001,0.30000000000000004,1.6,1.6,50.0,0.0
9.36,16.0,14.014701000000002,0.30000000000000004,1.6,1.6,50.0,0.0
9.37,16.0,14.084704000000002,0.30000000000000004,1.6,1.6,50.0,0.0
9.38,16.0,14.154708,0.30000000000000004,1.6,1.6,50.0,0.0
9.39,16.0,14.224711,0.30000000000000004,1.6,1.6,50.0,0.0
9.4,16.0,14.294715,0.30000000000000004,1.6,1.6,50.0,0.0
9.41,16.0,14.364718,0.30000000000000004,1.6,1.6,50.0,0.0
9.42,16.0,14.434722,0.30000000000000004,1.6,1.6,50.0,0.0
9.43,16.0,14.504725,0.30000000000000004,1.6,1.6,50.0,0.0
9.44,16.0,14.574728999999998,0.30000000000000004,1.6,1.6,50.0,0.0
9.45,16.0,14.644731999999998,0.30000000000000004,1.6,1.6,50.0,0.0
9.46,16.0,14.714736000000002,0.30000000000000004,1.6,1.6,50.0,0.0
9.47,16.0,14.784739000000002,0.30000000000000004,1.6,1.6,50.0,0.0
9.48,16.0,14.854743,0.30000000000000004,1.6,1.6,50.0,0.0
9.49,16.0,14.924745999999999,0.30000000000000004,1.6,1.6,50.0,0.0
9.5,16.0,14.99475,0.30000000000000004,1.6,1.6,50.0,0.0
9.51,16.0,15.064753,0.30000000000000004,1.6,1.6,50.0,0.0
9.52,16.0,15.134757,0.30000000000000004,1.6,1.6,50.0,0.0
9.53,16.0,15.20476,0.30000000000000004,1.6,1.6,50.0,0.0
9.54,16.0,15.274763999999998,0.30000000000000004,1.6,1.6,50.0,0.0
9.55,16.0,15.344766999999997,0.30000000000000004,1.6,1.6,50.0,0.0
9.56,16.0,15.414771000000002,0.30000000000000004,1.6,1.6,50.0,0.0
9.57,16.0,15.484774000000002,0.30000000000000004,1.6,1.6,50.0,0.0
9.58,16.0,15.554777999999999,0.30000000000000004,1.6,1.6,50.0,0.0
9.59,16.0,15.624780999999999,0.30000000000000004,1.6,1.6,50.0,0.0
9.6,16.0,15.694785,0.30000000000000004,1.6,1.6,50.0,0.0
9.61,16.0,15.764788,0.30000000000000004,1.6,1.6,50.0,0.0
9.62,16.0,15.834792,0.30000000000000004,1.6,1.6,50.0,0.0
9.63,16.0,15.904795,0.30000000000000004,1.6,1.6,50.0,0.0
9.64,16.0,15.974799,0.30000000000000004,1.6,1.6,50.0,0.0
9.65,16.0,16.044802,0.30000000000000004,1.6,1.6,50.0,0.0
9.66,16.0,16.114806,0.30000000000000004,1.6,1.6,50.0,0.0
9.67,16.0,16.184809,0.30000000000000004,1.6,1.6,50.0,0.0
9.68,16.0,16.254813,0.30000000000000004,1.6,1.6,50.0,0.0
9.69,16.0,16.324816,0.30000000000000004,1.6,1.6,50.0,0.0
9.7,16.0,16.39482,0.30000000000000004,1.6,1.6,50.0,0.0
9.71,16.0,16.464823000000003,0.30000000000000004,1.6,1.6,50.0,0.0
9.72,16.0,16.534827,0.30000000000000004,1.6,1.6,50.0,0.0
9.73,16.0,16.60483,0.30000000000000004,1.6,1.6,50.0,0.0
9.74,16.0,16.674834,0.30000000000000004,1.6,1.6,50.0,0.0
9.75,16.0,16.744837,0.30000000000000004,1.6,1.6,50.0,0.0
9.76,16.0,16.814841,0.30000000000000004,1.6,1.6,50.0,0.0
9.77,16.0,16.884844,0.30000000000000004,1.6,1.6,50.0,0.0
9.78,16.0,16.954848,0.30000000000000004,1.6,1.6,50.0,0.0
9.79,16.0,17.024850999999998,0.30000000000000004,1.6,1.6,50.0,0.0
9.8,16.0,17.094855000000003,0.30000000000000004,1.6,1.6,50.0,0.0
9.81,16.0,17.164858000000002,0.30000000000000004,1.6,1.6,50.0,0.0
9.82,16.0,17.234862,0.30000000000000004,1.6,1.6,50.0,0.0
9.83,16.0,17.304865,0.30000000000000004,1.6,1.6,50.0,0.0
9.84,16.0,17.374869,0.30000000000000004,1.6,1.6,50.0,0.0
9.85,16.0,17.444872,0.30000000000000004,1.6,1.6,50.0,0.0
9.86,16.0,17.514876,0.30000000000000004,1.6,1.6,50.0,0.0
9.87,16.0,17.584879,0.30000000000000004,1.6,1.6,50.0,0.0
9.88,16.0,17.654882999999998,0.30000000000000004,1.6,1.6,50.0,0.0
9.89,16.0,17.724885999999998,0.30000000000000004,1.6,1.6,50.0,0.0
9.9,16.0,17.794890000000002,0.30000000000000004,1.6,1.6,50.0,0.0
9.91,16.0,17.864893000000002,0.30000000000000004,1.6,1.6,50.0,0.0
9.92,16.0,17.934897,0.30000000000000004,1.6,1.6,50.0,0.0
9.93,16.0,18.0049,0.30000000000000004,1.6,1.6,50.0,0.0
9.94,16.0,18.074904,0.30000000000000004,1.6,1.6,50.0,0.0
9.95,16.0,18.144907,0.30000000000000004,1.6,1.6,50.0,0.0
9.96,16.0,18.214911,0.30000000000000004,1.6,1.6,50.0,0.0
9.97,16.0,18.284914,0.30000000000000004,1.6,1.6,50.0,0.0
9.98,16.0,18.354917999999998,0.30000000000000004,1.6,1.6,50.0,0.0
9.99,16.0,18.424920999999998,0.30000000000000004,1.6,1.6,50.0,0.0
10.0,16.0,18.494925000000002,0.30000000000000004,1.6,1.6,50.0,0.0
10.01,16.0,18.564928000000002,0.30000000000000004,1.6,1.6,50.0,0.0
10.02,16.0,18.634932,0.30000000000000004,1.6,1.6,50.0,0.0
10.03,16.0,18.704935,0.30000000000000004,1.6,1.6,50.0,0.0
10.04,16.0,18.774939,0.30000000000000004,1.6,1.6,50.0,0.0
10.05,16.0,18.844942,0.30000000000000004,1.6,1.6,50.0,0.0
10.06,16.0,18.914946,0.30000000000000004,1.6,1.6,50.0,0.0
10.07,16.0,18.984949,0.30000000000000004,1.6,1.6,50.0,0.0
10.08,16.0,19.054952999999998,0.30000000000000004,1.6,1.6,50.0,0.0
10.09,16.0,19.124955999999997,0.30000000000000004,1.6,1.6,50.0,0.0
10.1,16.0,19.194960000000002,0.30000000000000004,1.6,1.6,50.0,0.0
10.11,16.0,19.264963,0.30000000000000004,1.6,1.6,50.0,0.0
10.12,16.0,19.334967,0.30000000000000004,1.6,1.6,50.0,0.0
10.13,16.0,19.40497,0.30000000000000004,1.6,1.6,50.0,0.0
10.14,16.0,19.474974,0.30000000000000004,1.6,1.6,50.0,0.0
10.15,16.0,19.544977,0.30000000000000004,1.6,1.6,50.0,0.0
10.16,16.0,19.614981,0.30000000000000004,1.6,1.6,50.0,0.0
10.17,16.0,19.684984,0.30000000000000004,1.6,1.6,50.0,0.0
10.18,16.0,19.754988,0.30000000000000004,1.6,1.6,50.0,0.0
10.19,16.0,19.824991,0.30000000000000004,1.6,1.6,50.0,0.0
10.2,16.0,19.894995,0.30000000000000004,1.6,1.6,50.0,0.0
10.21,16.0,19.964998,0.30000000000000004,1.6,1.6,50.0,0.0
10.22,16.0,20.035002,0.30000000000000004,1.6,1.6,50.0,0.0
10.23,16.0,20.105005,0.30000000000000004,1.6,1.6,50.0,0.0
10.24,16.0,20.175009,0.30000000000000004,1.6,1.6,50.0,0.0
10.25,16.0,20.245012,0.30000000000000004,1.6,1.6,50.0,0.0
10.26,16.0,20.315016,0.30000000000000004,1.6,1.6,50.0,0.0
10.27,16.0,20.385019,0.30000000000000004,1.6,1.6,50.0,0.0
10.28,16.0,20.455023,0.30000000000000004,1.6,1.6,50.0,0.0
10.29,16.0,20.525026,0.30000000000000004,1.6,1.6,50.0,0.0
10.3,16.0,20.59503,0.30000000000000004,1.6,1.6,50.0,0.0
10.31,16.0,20.665033,0.30000000000000004,1.6,1.6,50.0,0.0
10.32,16.0,20.735037,0.30000000000000004,1.6,1.6,50.0,0.0
10.33,16.0,20.805039999999998,0.30000000000000004,1.6,1.6,50.0,0.0
10.34,16.0,20.875044000000003,0.30000000000000004,1.6,1.6,50.0,0.0
10.35,16.0,20.945047000000002,0.30000000000000004,1.6,1.6,50.0,0.0
10.36,16.0,21.015051,0.30000000000000004,1.6,1.6,50.0,0.0
10.37,16.0,21.085054,0.30000000000000004,1.6,1.6,50.0,0.0
10.38,16.0,21.155058,0.30000000000000004,1.6,1.6,50.0,0.0
10.39,16.0,21.225061,0.30000000000000004,1.6,1.6,50.0,0.0
10.4,16.0,21.295065,0.30000000000000004,1.6,1.6,50.0,0.0
10.41,16.0,21.365068,0.30000000000000004,1.6,1.6,50.0,0.0
10.42,16.0,21.435071999999998,0.30000000000000004,1.6,1.6,50.0,0.0
10.43,16.0,21.505074999999998,0.30000000000000004,1.6,1.6,50.0,0.0
10.44,16.0,21.575079000000002,0.30000000000000004,1.6,1.6,50.0,0.0
10.45,16.0,21.645082000000002,0.30000000000000004,1.6,1.6,50.0,0.0
10.46,16.0,21.715086,0.30000000000000004,1.6,1.6,50.0,0.0
10.47,16.0,21.785089,0.30000000000000004,1.6,1.6,50.0,0.0
10.48,16.0,21.855093,0.30000000000000004,1.6,1.6,50.0,0.0
10.49,16.0,21.925096,0.30000000000000004,1.6,1.6,50.0,0.0
10.5,16.0,21.9951,0.30000000000000004,1.6,1.6,50.0,0.0
10.51,16.0,22.065103,0.30000000000000004,1.6,1.6,50.0,0.0
10.52,16.0,22.135106999999998,0.30000000000000004,1.6,1.6,50.0,0.0
10.53,16.0,22.20511,0.30000000000000004,1.6,1.6,50.0,0.0
10.54,16.0,22.275114000000002,0.30000000000000004,1.6,1.6,50.0,0.0
10.55,16.0,22.345117000000002,0.30000000000000004,1.6,1.6,50.0,0.0
10.56,16.0,22.415121,0.30000000000000004,1.6,1.6,50.0,0.0
10.57,16.0,22.485124,0.30000000000000004,1.6,1.6,50.0,0.0
10.58,16.0,22.555128,0.30000000000000004,1.6,1.6,50.0,0.0
10.59,16.0,22.625131,0.30000000000000004,1.6,1.6,50.0,0.0
10.6,16.0,22.695135,0.30000000000000004,1.6,1.6,50.0,0.0
10.61,16.0,22.765138,0.30000000000000004,1.6,1.6,50.0,0.0
10.62,16.0,22.835142,0.30000000000000004,1.6,1.6,50.0,0.0
10.63,16.0,22.905145,0.30000000000000004,1.6,1.6,50.0,0.0
10.64,16.0,22.975149000000002,0.30000000000000004,1.6,1.6,50.0,0.0
10.65,16.0,23.045152,0.30000000000000004,1.6,1.6,50.0,0.0
10.66,16.0,23.115156,0.30000000000000004,1.6,1.6,50.0,0.0
10.67,16.0,23.185159,0.30000000000000004,1.6,1.6,50.0,0.0
10.68,16.0,23.255163,0.30000000000000004,1.6,1.6,50.0,0.0
10.69,16.0,23.325166,0.30000000000000004,1.6,1.6,50.0,0.0
10.7,16.0,23.39517,0.30000000000000004,1.6,1.6,50.0,0.0
10.71,16.0,23.465173,0.30000000000000004,1.6,1.6,50.0,0.0
10.72,16.0,23.535177,0.30000000000000004,1.6,1.6,50.0,0.0
10.73,16.0,23.60518,0.30000000000000004,1.6,1.6,50.0,0.0
10.74,16.0,23.675184,0.30000000000000004,1.6,1.6,50.0,0.0
10.75,16.0,23.745187,0.30000000000000004,1.6,1.6,50.0,0.0
10.76,16.0,23.815191,0.30000000000000004,1.6,1.6,50.0,0.0
10.77,16.0,23.885194,0.30000000000000004,1.6,1.6,50.0,0.0
10.78,16.0,23.955198,0.30000000000000004,1.6,1.6,50.0,0.0
10.79,16.0,24.025201,0.30000000000000004,1.6,1.6,50.0,0.0
10.8,16.0,24.095205,0.30000000000000004,1.6,1.6,50.0,0.0
10.81,16.0,24.165208,0.30000000000000004,1.6,1.6,50.0,0.0
10.82,16.0,24.235212,0.30000000000000004,1.6,1.6,50.0,0.0
10.83,16.0,24.305215,0.30000000000000004,1.6,1.6,50.0,0.0
10.84,16.0,24.375219,0.30000000000000004,1.6,1.6,50.0,0.0
10.85,16.0,24.445222,0.30000000000000004,1.6,1.6,50.0,0.0
10.86,16.0,24.515226,0.30000000000000004,1.6,1.6,50.0,0.0
10.87,16.0,24.585228999999998,0.30000000000000004,1.6,1.6,50.0,0.0
10.88,16.0,24.655233,0.30000000000000004,1.6,1.6,50.0,0.0
10.89,16.0,24.725236,0.30000000000000004,1.6,1.6,50.0,0.0
10.9,16.0,24.79524,0.30000000000000004,1.6,1.6,50.0,0.0
10.91,16.0,24.865243,0.30000000000000004,1.6,1.6,50.0,0.0
10.92,16.0,24.935247,0.30000000000000004,1.6,1.6,50.0,0.0
10.93,16.0,25.00525,0.30000000000000004,1.6,1.6,50.0,0.0
10.94,16.0,25.075254,0.30000000000000004,1.6,1.6,50.0,0.0
10.95,16.0,25.145257,0.30000000000000004,1.6,1.6,50.0,0.0
10.96,16.0,25.215260999999998,0.30000000000000004,1.6,1.6,50.0,0.0
10.97,16.0,25.285263999999998,0.30000000000000004,1.6,1.6,50.0,0.0
10.98,16.0,25.355268,0.30000000000000004,1.6,1.6,50.0,0.0
10.99,16.0,25.425271000000002,0.30000000000000004,1.6,1.6,50.0,0.0
11.0,16.0,25.495275,0.30000000000000004,1.6,1.6,50.0,0.0
11.01,16.0,25.565278,0.30000000000000004,1.6,1.6,50.0,0.0
11.02,16.0,25.635282,0.30000000000000004,1.6,1.6,50.0,0.0
11.03,16.0,25.705285,0.30000000000000004,1.6,1.6,50.0,0.0
11.04,16.0,25.775289,0.30000000000000004,1.6,1.6,50.0,0.0
11.05,16.0,25.845292,0.30000000000000004,1.6,1.6,50.0,0.0
11.06,16.0,25.915295999999998,0.30000000000000004,1.6,1.6,50.0,0.0
11.07,16.0,25.985299,0.30000000000000004,1.6,1.6,50.0,0.0
11.08,16.0,26.055303,0.30000000000000004,1.6,1.6,50.0,0.0
11.09,16.0,26.125306000000002,0.30000000000000004,1.6,1.6,50.0,0.0
11.1,16.0,26.19531,0.30000000000000004,1.6,1.6,50.0,0.0
11.11,16.0,26.265313,0.30000000000000004,1.6,1.6,50.0,0.0
11.12,16.0,26.335317,0.30000000000000004,1.6,1.6,50.0,0.0
11.13,16.0,26.40532,0.30000000000000004,1.6,1.6,50.0,0.0
11.14,16.0,26.475324,0.30000000000000004,1.6,1.6,50.0,0.0
11.15,16.0,26.545327,0.30000000000000004,1.6,1.6,50.0,0.0
11.16,16.0,26.615331,0.30000000000000004,1.6,1.6,50.0,0.0
11.17,16.0,26.685334,0.30000000000000004,1.6,1.6,50.0,0.0
11.18,16.0,26.755338000000002,0.30000000000000004,1.6,1.6,50.0,0.0
11.19,16.0,26.825341,0.30000000000000004,1.6,1.6,50.0,0.0
11.2,16.0,26.895345,0.30000000000000004,1.6,1.6,50.0,0.0
11.21,16.0,26.965348,0.30000000000000004,1.6,1.6,50.0,0.0
11.22,16.0,27.035352000000003,0.30000000000000004,1.6,1.6,50.0,0.0
11.23,16.0,27.105355000000003,0.30000000000000004,1.6,1.6,50.0,0.0
11.24,16.0,27.175359,0.30000000000000004,1.6,1.6,50.0,0.0
11.25,16.0,27.245362,0.30000000000000004,1.6,1.6,50.0,0.0
11.26,16.0,27.315365999999997,0.30000000000000004,1.6,1.6,50.0,0.0
11.27,16.0,27.385368999999997,0.30000000000000004,1.6,1.6,50.0,0.0
11.28,16.0,27.455373,0.30000000000000004,1.6,1.6,50.0,0.0
11.29,16.0,27.525376,0.30000000000000004,1.6,1.6,50.0,0.0
11.3,16.0,27.59538,0.30000000000000004,1.6,1.6,50.0,0.0
11.31,16.0,27.665383,0.30000000000000004,1.6,1.6,50.0,0.0
11.32,16.0,27.735387000000003,0.30000000000000004,1.6,1.6,50.0,0.0
11.33,16.0,27.805390000000003,0.30000000000000004,1.6,1.6,50.0,0.0
11.34,16.0,27.875394,0.30000000000000004,1.6,1.6,50.0,0.0
11.35,16.0,27.945397,0.30000000000000004,1.6,1.6,50.0,0.0
11.36,16.0,28.015400999999997,0.30000000000000004,1.6,1.6,50.0,0.0
11.37,16.0,28.085403999999997,0.30000000000000004,1.6,1.6,50.0,0.0
11.38,16.0,28.155408,0.30000000000000004,1.6,1.6,50.0,0.0
11.39,16.0,28.225411,0.30000000000000004,1.6,1.6,50.0,0.0
11.4,16.0,28.295415,0.30000000000000004,1.6,1.6,50.0,0.0
11.41,16.0,28.365418,0.30000000000000004,1.6,1.6,50.0,0.0
11.42,16.0,28.435422000000003,0.30000000000000004,1.6,1.6,50.0,0.0
11.43,16.0,28.505425000000002,0.30000000000000004,1.6,1.6,50.0,0.0
11.44,16.0,28.575429,0.30000000000000004,1.6,1.6,50.0,0.0
11.45,16.0,28.645432,0.30000000000000004,1.6,1.6,50.0,0.0
11.46,16.0,28.715435999999997,0.30000000000000004,1.6,1.6,50.0,0.0
11.47,16.0,28.785438999999997,0.30000000000000004,1.6,1.6,50.0,0.0
11.48,16.0,28.855443,0.30000000000000004,1.6,1.6,50.0,0.0
11.49,16.0,28.925446,0.30000000000000004,1.6,1.6,50.0,0.0
11.5,16.0,28.995449999999998,0.30000000000000004,1.6,1.6,50.0,0.0
11.51,16.0,29.065452999999998,0.30000000000000004,1.6,1.6,50.0,0.0
11.52,16.0,29.135457000000002,0.30000000000000004,1.6,1.6,50.0,0.0
11.53,16.0,29.205460000000002,0.30000000000000004,1.6,1.6,50.0,0.0
11.54,16.0,29.275464,0.30000000000000004,1.6,1.6,50.0,0.0
11.55,16.0,29.345467,0.30000000000000004,1.6,1.6,50.0,0.0
11.56,16.0,29.415470999999997,0.30000000000000004,1.6,1.6,50.0,0.0
11.57,16.0,29.485473999999996,0.30000000000000004,1.6,1.6,50.0,0.0
11.58,16.0,29.555478,0.30000000000000004,1.6,1.6,50.0,0.0
11.59,16.0,29.625481,0.30000000000000004,1.6,1.6,50.0,0.0
11.6,16.0,29.695484999999998,0.30000000000000004,1.6,1.6,50.0,0.0
11.61,16.0,29.765487999999998,0.30000000000000004,1.6,1.6,50.0,0.0
11.62,16.0,29.835492000000002,0.30000000000000004,1.6,1.6,50.0,0.0
11.63,16.0,29.905495000000002,0.30000000000000004,1.6,1.6,50.0,0.0
11.64,16.0,29.975499,0.30000000000000004,1.6,1.6,50.0,0.0
11.65,16.0,30.045502,0.30000000000000004,1.6,1.6,50.0,0.0
11.66,16.0,30.115506000000003,0.30000000000000004,1.6,1.6,50.0,0.0
11.67,16.0,30.185509000000003,0.30000000000000004,1.6,1.6,50.0,0.0
11.68,16.0,30.255513,0.30000000000000004,1.6,1.6,50.0,0.0
11.69,16.0,30.325516,0.30000000000000004,1.6,1.6,50.0,0.0
11.7,16.0,30.395519999999998,0.30000000000000004,1.6,1.6,50.0,0.0
11.71,16.0,30.465522999999997,0.30000000000000004,1.6,1.6,50.0,0.0
11.72,16.0,30.535527000000002,0.30000000000000004,1.6,1.6,50.0,0.0
11.73,16.0,30.60553,0.30000000000000004,1.6,1.6,50.0,0.0
11.74,16.0,30.675534,0.30000000000000004,1.6,1.6,50.0,0.0
11.75,16.0,30.745537,0.30000000000000004,1.6,1.6,50.0,0.0
11.76,16.0,30.815541000000003,0.30000000000000004,1.6,1.6,50.0,0.0
11.77,16.0,30.885544000000003,0.30000000000000004,1.6,1.6,50.0,0.0
11.78,16.0,30.955548,0.30000000000000004,1.6,1.6,50.0,0.0
11.79,16.0,31.025551,0.30000000000000004,1.6,1.6,50.0,0.0
11.8,16.0,31.095554999999997,0.30000000000000004,1.6,1.6,50.0,0.0
11.81,16.0,31.165557999999997,0.30000000000000004,1.6,1.6,50.0,0.0
11.82,16.0,31.235562,0.30000000000000004,1.6,1.6,50.0,0.0
11.83,16.0,31.305565,0.30000000000000004,1.6,1.6,50.0,0.0
11.84,16.0,31.375569,0.30000000000000004,1.6,1.6,50.0,0.0
11.85,16.0,31.445572,0.30000000000000004,1.6,1.6,50.0,0.0
11.86,16.0,31.515576000000003,0.30000000000000004,1.6,1.6,50.0,0.0
11.87,16.0,31.585579000000003,0.30000000000000004,1.6,1.6,50.0,0.0
11.88,16.0,31.655583,0.30000000000000004,1.6,1.6,50.0,0.0
11.89,16.0,31.725586,0.30000000000000004,1.6,1.6,50.0,0.0
11.9,16.0,31.795589999999997,0.30000000000000004,1.6,1.6,50.0,0.0
11.91,16.0,31.865592999999997,0.30000000000000004,1.6,1.6,50.0,0.0
11.92,16.0,31.935597,0.30000000000000004,1.6,1.6,50.0,0.0
11.93,16.0,32.0056,0.30000000000000004,1.6,1.6,50.0,0.0
11.94,16.0,32.075604,0.30000000000000004,1.6,1.6,50.0,0.0
11.95,16.0,32.145607,0.30000000000000004,1.6,1.6,50.0,0.0
11.96,16.0,32.215611,0.30000000000000004,1.6,1.6,50.0,0.0
11.97,16.0,32.285614,0.30000000000000004,1.6,1.6,50.0,0.0
11.98,16.0,32.355618,0.30000000000000004,1.6,1.6,50.0,0.0
11.99,16.0,32.425621,0.30000000000000004,1.6,1.6,50.0,0.0
12.0,16.0,32.495625,0.30000000000000004,1.6,1.6,50.0,0.0
12.01,16.0,32.565628,0.30000000000000004,1.6,1.6,50.0,0.0
12.02,16.0,32.635632,0.30000000000000004,1.6,1.6,50.0,0.0
12.03,16.0,32.705635,0.30000000000000004,1.6,1.6,50.0,0.0
12.04,16.0,32.775639,0.30000000000000004,1.6,1.6,50.0,0.0
12.05,16.0,32.845642,0.30000000000000004,1.6,1.6,50.0,0.0
12.06,16.0,32.915646,0.30000000000000004,1.6,1.6,50.0,0.0
12.07,16.0,32.985649,0.30000000000000004,1.6,1.6,50.0,0.0
12.08,16.0,33.055653,0.30000000000000004,1.6,1.6,50.0,0.0
12.09,16.0,33.125656,0.30000000000000004,1.6,1.6,50.0,0.0
12.1,16.0,33.195660000000004,0.30000000000000004,1.6,1.6,50.0,0.0
12.11,16.0,33.265663,0.30000000000000004,1.6,1.6,50.0,0.0
12.12,16.0,33.335667,0.30000000000000004,1.6,1.6,50.0,0.0
12.13,16.0,33.40567,0.30000000000000004,1.6,1.6,50.0,0.0
12.14,16.0,33.475674,0.30000000000000004,1.6,1.6,50.0,0.0
12.15,16.0,33.545677,0.30000000000000004,1.6,1.6,50.0,0.0
12.16,16.0,33.615681,0.30000000000000004,1.6,1.6,50.0,0.0
12.17,16.0,33.685684,0.30000000000000004,1.6,1.6,50.0,0.0
12.18,16.0,33.755688,0.30000000000000004,1.6,1.6,50.0,0.0
12.19,16.0,33.825691,0.30000000000000004,1.6,1.6,50.0,0.0
12.2,16.0,33.895695,0.30000000000000004,1.6,1.6,50.0,0.0
12.21,16.0,33.965698,0.30000000000000004,1.6,1.6,50.0,0.0
12.22,16.0,34.035702,0.30000000000000004,1.6,1.6,50.0,0.0
12.23,16.0,34.105705,0.30000000000000004,1.6,1.6,50.0,0.0
12.24,16.0,34.175709,0.30000000000000004,1.6,1.6,50.0,0.0
12.25,16.0,34.245712,0.30000000000000004,1.6,1.6,50.0,0.0
12.26,16.0,34.315716,0.30000000000000004,1.6,1.6,50.0,0.0
12.27,16.0,34.385719,0.30000000000000004,1.6,1.6,50.0,0.0
12.28,16.0,34.455723,0.30000000000000004,1.6,1.6,50.0,0.0
12.29,16.0,34.525726,0.30000000000000004,1.6,1.6,50.0,0.0
12.3,16.0,34.59573,0.30000000000000004,1.6,1.6,50.0,0.0
12.31,16.0,34.665733,0.30000000000000004,1.6,1.6,50.0,0.0
12.32,16.0,34.735737,0.30000000000000004,1.6,1.6,50.0,0.0
12.33,16.0,34.80574,0.30000000000000004,1.6,1.6,50.0,0.0
12.34,16.0,34.875744,0.30000000000000004,1.6,1.6,50.0,0.0
12.35,16.0,34.945747,0.30000000000000004,1.6,1.6,50.0,0.0
12.36,16.0,35.015751,0.30000000000000004,1.6,1.6,50.0,0.0
12.37,16.0,35.085754,0.30000000000000004,1.6,1.6,50.0,0.0
12.38,16.0,35.155758,0.30000000000000004,1.6,1.6,50.0,0.0
12.39,16.0,35.225761,0.30000000000000004,1.6,1.6,50.0,0.0
12.4,16.0,35.295765,0.30000000000000004,1.6,1.6,50.0,0.0
12.41,16.0,35.365768,0.30000000000000004,1.6,1.6,50.0,0.0
12.42,16.0,35.435772,0.30000000000000004,1.6,1.6,50.0,0.0
12.43,16.0,35.505775,0.30000000000000004,1.6,1.6,50.0,0.0
12.44,16.0,35.575779,0.30000000000000004,1.6,1.6,50.0,0.0
12.45,16.0,35.645782,0.30000000000000004,1.6,1.6,50.0,0.0
12.46,16.0,35.715786,0.30000000000000004,1.6,1.6,50.0,0.0
12.47,16.0,35.785789,0.30000000000000004,1.6,1.6,50.0,0.0
12.48,16.0,35.855793,0.30000000000000004,1.6,1.6,50.0,0.0
12.49,16.0,35.925796,0.30000000000000004,1.6,1.6,50.0,0.0
12.5,16.0,35.9958,0.30000000000000004,1.6,1.6,50.0,0.0
12.51,16.0,36.065803,0.30000000000000004,1.6,1.6,50.0,0.0
12.52,16.0,36.135807,0.30000000000000004,1.6,1.6,50.0,0.0
12.53,16.0,36.20581,0.30000000000000004,1.6,1.6,50.0,0.0
12.54,16.0,36.275814,0.30000000000000004,1.6,1.6,50.0,0.0
12.55,16.0,36.345817,0.30000000000000004,1.6,1.6,50.0,0.0
12.56,16.0,36.415821,0.30000000000000004,1.6,1.6,50.0,0.0
12.57,16.0,36.485824,0.30000000000000004,1.6,1.6,50.0,0.0
12.58,16.0,36.555828,0.30000000000000004,1.6,1.6,50.0,0.0
12.59,16.0,36.625831,0.30000000000000004,1.6,1.6,50.0,0.0
12.6,16.0,36.695835,0.30000000000000004,1.6,1.6,50.0,0.0
12.61,16.0,36.765838,0.30000000000000004,1.6,1.6,50.0,0.0
12.62,16.0,36.835842,0.30000000000000004,1.6,1.6,50.0,0.0
12.63,16.0,36.905845,0.30000000000000004,1.6,1.6,50.0,0.0
12.64,16.0,36.975849,0.30000000000000004,1.6,1.6,50.0,0.0
12.65,16.0,37.045852,0.30000000000000004,1.6,1.6,50.0,0.0
12.66,16.0,37.115856,0.30000000000000004,1.6,1.6,50.0,0.0
12.67,16.0,37.185859,0.30000000000000004,1.6,1.6,50.0,0.0
12.68,16.0,37.255863,0.30000000000000004,1.6,1.6,50.0,0.0
12.69,16.0,37.325866,0.30000000000000004,1.6,1.6,50.0,0.0
12.7,16.0,37.39587,0.30000000000000004,1.6,1.6,50.0,0.0
12.71,16.0,37.465873,0.30000000000000004,1.6,1.6,50.0,0.0
12.72,16.0,37.535877,0.30000000000000004,1.6,1.6,50.0,0.0
12.73,16.0,37.60588,0.30000000000000004,1.6,1.6,50.0,0.0
12.74,16.0,37.675883999999996,0.30000000000000004,1.6,1.6,50.0,0.0
12.75,16.0,37.745886999999996,0.30000000000000004,1.6,1.6,50.0,0.0
12.76,16.0,37.815891,0.30000000000000004,1.6,1.6,50.0,0.0
12.77,16.0,37.885894,0.30000000000000004,1.6,1.6,50.0,0.0
12.78,16.0,37.955898,0.30000000000000004,1.6,1.6,50.0,0.0
12.79,16.0,38.025901,0.30000000000000004,1.6,1.6,50.0,0.0
12.8,16.0,38.095905,0.30000000000000004,1.6,1.6,50.0,0.0
12.81,16.0,38.165908,0.30000000000000004,1.6,1.6,50.0,0.0
12.82,16.0,38.235912,0.30000000000000004,1.6,1.6,50.0,0.0
12.83,16.0,38.305915,0.30000000000000004,1.6,1.6,50.0,0.0
12.84,16.0,38.375918999999996,0.30000000000000004,1.6,1.6,50.0,0.0
12.85,16.0,38.445921999999996,0.30000000000000004,1.6,1.6,50.0,0.0
12.86,16.0,38.515926,0.30000000000000004,1.6,1.6,50.0,0.0
12.87,16.0,38.585929,0.30000000000000004,1.6,1.6,50.0,0.0
12.88,16.0,38.655933,0.30000000000000004,1.6,1.6,50.0,0.0
12.89,16.0,38.725936000000004,0.30000000000000004,1.6,1.6,50.0,0.0
12.9,16.0,38.79594,0.30000000000000004,1.6,1.6,50.0,0.0
12.91,16.0,38.865943,0.30000000000000004,1.6,1.6,50.0,0.0
12.92,16.0,38.935947,0.30000000000000004,1.6,1.6,50.0,0.0
12.93,16.0,39.00595,0.30000000000000004,1.6,1.6,50.0,0.0
12.94,16.0,39.075953999999996,0.30000000000000004,1.6,1.6,50.0,0.0
12.95,16.0,39.145956999999996,0.30000000000000004,1.6,1.6,50.0,0.0
12.96,16.0,39.215961,0.30000000000000004,1.6,1.6,50.0,0.0
12.97,16.0,39.285964,0.30000000000000004,1.6,1.6,50.0,0.0
12.98,16.0,39.355968000000004,0.30000000000000004,1.6,1.6,50.0,0.0
12.99,16.0,39.425971000000004,0.30000000000000004,1.6,1.6,50.0,0.0
13.0,16.0,39.495975,0.30000000000000004,1.6,1.6,50.0,0.0
13.01,16.0,39.565978,0.30000000000000004,1.6,1.6,50.0,0.0
13.02,16.0,39.635982,0.30000000000000004,1.6,1.6,50.0,0.0
13.03,16.0,39.705985,0.30000000000000004,1.6,1.6,50.0,0.0
13.04,16.0,39.775988999999996,0.30000000000000004,1.6,1.6,50.0,0.0
13.05,16.0,39.845992,0.30000000000000004,1.6,1.6,50.0,0.0
13.06,16.0,39.915996,0.30000000000000004,1.6,1.6,50.0,0.0
13.07,16.0,39.985999,0.30000000000000004,1.6,1.6,50.0,0.0
13.08,16.0,40.056003000000004,0.30000000000000004,1.6,1.6,50.0,0.0
13.09,16.0,40.126006000000004,0.30000000000000004,1.6,1.6,50.0,0.0
13.1,16.0,40.19601,0.30000000000000004,1.6,1.6,50.0,0.0
13.11,16.0,40.266013,0.30000000000000004,1.6,1.6,50.0,0.0
13.12,16.0,40.336017,0.30000000000000004,1.6,1.6,50.0,0.0
13.13,16.0,40.40602,0.30000000000000004,1.6,1.6,50.0,0.0
13.14,16.0,40.476024,0.30000000000000004,1.6,1.6,50.0,0.0
13.15,16.0,40.546027,0.30000000000000004,1.6,1.6,50.0,0.0
13.16,16.0,40.616031,0.30000000000000004,1.6,1.6,50.0,0.0
13.17,16.0,40.686034,0.30000000000000004,1.6,1.6,50.0,0.0
13.18,16.0,40.756038000000004,0.30000000000000004,1.6,1.6,50.0,0.0
13.19,16.0,40.826041000000004,0.30000000000000004,1.6,1.6,50.0,0.0
13.2,16.0,40.896045,0.30000000000000004,1.6,1.6,50.0,0.0
13.21,16.0,40.966048,0.30000000000000004,1.6,1.6,50.0,0.0
13.22,16.0,41.036052,0.30000000000000004,1.6,1.6,50.0,0.0
13.23,16.0,41.106055,0.30000000000000004,1.6,1.6,50.0,0.0
13.24,16.0,41.176059,0.30000000000000004,1.6,1.6,50.0,0.0
13.25,16.0,41.246062,0.30000000000000004,1.6,1.6,50.0,0.0
13.26,16.0,41.316066,0.30000000000000004,1.6,1.6,50.0,0.0
13.27,16.0,41.386069,0.30000000000000004,1.6,1.6,50.0,0.0
13.28,16.0,41.456073,0.30000000000000004,1.6,1.6,50.0,0.0
13.29,16.0,41.526076,0.30000000000000004,1.6,1.6,50.0,0.0
13.3,16.0,41.59608,0.30000000000000004,1.6,1.6,50.0,0.0
13.31,16.0,41.666083,0.30000000000000004,1.6,1.6,50.0,0.0
13.32,16.0,41.736087,0.30000000000000004,1.6,1.6,50.0,0.0
13.33,16.0,41.80609,0.30000000000000004,1.6,1.6,50.0,0.0
13.34,16.0,41.876094,0.30000000000000004,1.6,1.6,50.0,0.0
13.35,16.0,41.946097,0.30000000000000004,1.6,1.6,50.0,0.0
13.36,16.0,42.016101,0.30000000000000004,1.6,1.6,50.0,0.0
13.37,16.0,42.086104,0.30000000000000004,1.6,1.6,50.0,0.0
13.38,16.0,42.156108,0.30000000000000004,1.6,1.6,50.0,0.0
13.39,16.0,42.226111,0.30000000000000004,1.6,1.6,50.0,0.0
13.4,16.0,42.296115,0.30000000000000004,1.6,1.6,50.0,0.0
13.41,16.0,42.366118,0.30000000000000004,1.6,1.6,50.0,0.0
13.42,16.0,42.436122,0.30000000000000004,1.6,1.6,50.0,0.0
13.43,16.0,42.506125,0.30000000000000004,1.6,1.6,50.0,0.0
13.44,16.0,42.576129,0.30000000000000004,1.6,1.6,50.0,0.0
13.45,16.0,42.646132,0.30000000000000004,1.6,1.6,50.0,0.0
13.46,16.0,42.716136,0.30000000000000004,1.6,1.6,50.0,0.0
13.47,16.0,42.786139,0.30000000000000004,1.6,1.6,50.0,0.0
13.48,16.0,42.856143,0.30000000000000004,1.6,1.6,50.0,0.0
13.49,16.0,42.926146,0.30000000000000004,1.6,1.6,50.0,0.0
13.5,16.0,42.99615,0.30000000000000004,1.6,1.6,50.0,0.0
13.51,16.0,43.066153,0.30000000000000004,1.6,1.6,50.0,0.0
13.52,16.0,43.136157,0.30000000000000004,1.6,1.6,50.0,0.0
13.53,16.0,43.20616,0.30000000000000004,1.6,1.6,50.0,0.0
13.54,16.0,43.276164,0.30000000000000004,1.6,1.6,50.0,0.0
13.55,16.0,43.346167,0.30000000000000004,1.6,1.6,50.0,0.0
13.56,16.0,43.416171,0.30000000000000004,1.6,1.6,50.0,0.0
13.57,16.0,43.486174,0.30000000000000004,1.6,1.6,50.0,0.0
13.58,16.0,43.556178,0.30000000000000004,1.6,1.6,50.0,0.0
13.59,16.0,43.626181,0.30000000000000004,1.6,1.6,50.0,0.0
13.6,16.0,43.696185,0.30000000000000004,1.6,1.6,50.0,0.0
13.61,16.0,43.766188,0.30000000000000004,1.6,1.6,50.0,0.0
13.62,16.0,43.836192,0.30000000000000004,1.6,1.6,50.0,0.0
13.63,16.0,43.906195,0.30000000000000004,1.6,1.6,50.0,0.0
13.64,16.0,43.976199,0.30000000000000004,1.6,1.6,50.0,0.0
13.65,16.0,44.046202,0.30000000000000004,1.6,1.6,50.0,0.0
13.66,16.0,44.116206,0.30000000000000004,1.6,1.6,50.0,0.0
13.67,16.0,44.186209,0.30000000000000004,1.6,1.6,50.0,0.0
13.68,16.0,44.256213,0.30000000000000004,1.6,1.6,50.0,0.0
13.69,16.0,44.326216,0.30000000000000004,1.6,1.6,50.0,0.0
13.7,16.0,44.39622,0.30000000000000004,1.6,1.6,50.0,0.0
13.71,16.0,44.466223,0.30000000000000004,1.6,1.6,50.0,0.0
13.72,16.0,44.536227,0.30000000000000004,1.6,1.6,50.0,0.0
13.73,16.0,44.60623,0.30000000000000004,1.6,1.6,50.0,0.0
13.74,16.0,44.676234,0.30000000000000004,1.6,1.6,50.0,0.0
13.75,16.0,44.746237,0.30000000000000004,1.6,1.6,50.0,0.0
13.76,16.0,44.816241,0.30000000000000004,1.6,1.6,50.0,0.0
13.77,16.0,44.886244,0.30000000000000004,1.6,1.6,50.0,0.0
13.78,16.0,44.956248,0.30000000000000004,1.6,1.6,50.0,0.0
13.79,16.0,45.026251,0.30000000000000004,1.6,1.6,50.0,0.0
13.8,16.0,45.096255,0.30000000000000004,1.6,1.6,50.0,0.0
13.81,16.0,45.166258,0.30000000000000004,1.6,1.6,50.0,0.0
13.82,16.0,45.236261999999996,0.30000000000000004,1.6,1.6,50.0,0.0
13.83,16.0,45.306264999999996,0.30000000000000004,1.6,1.6,50.0,0.0
13.84,16.0,45.376269,0.30000000000000004,1.6,1.6,50.0,0.0
13.85,16.0,45.446272,0.30000000000000004,1.6,1.6,50.0,0.0
13.86,16.0,45.516276,0.30000000000000004,1.6,1.6,50.0,0.0
13.87,16.0,45.586279,0.30000000000000004,1.6,1.6,50.0,0.0
13.88,16.0,45.656283,0.30000000000000004,1.6,1.6,50.0,0.0
13.89,16.0,45.726286,0.30000000000000004,1.6,1.6,50.0,0.0
13.9,16.0,45.79629,0.30000000000000004,1.6,1.6,50.0,0.0
13.91,16.0,45.866293,0.30000000000000004,1.6,1.6,50.0,0.0
13.92,16.0,45.936296999999996,0.30000000000000004,1.6,1.6,50.0,0.0
13.93,16.0,46.006299999999996,0.30000000000000004,1.6,1.6,50.0,0.0
13.94,16.0,46.076304,0.30000000000000004,1.6,1.6,50.0,0.0
13.95,16.0,46.146307,0.30000000000000004,1.6,1.6,50.0,0.0
13.96,16.0,46.216311000000005,0.30000000000000004,1.6,1.6,50.0,0.0
13.97,16.0,46.286314000000004,0.30000000000000004,1.6,1.6,50.0,0.0
13.98,16.0,46.356318,0.30000000000000004,1.6,1.6,50.0,0.0
13.99,16.0,46.426321,0.30000000000000004,1.6,1.6,50.0,0.0
14.0,16.0,46.496325,0.30000000000000004,1.6,1.6,50.0,0.0
14.01,16.0,46.566328,0.30000000000000004,1.6,1.6,50.0,0.0
14.02,16.0,46.636331999999996,0.30000000000000004,1.6,1.6,50.0,0.0
14.03,16.0,46.706334999999996,0.30000000000000004,1.6,1.6,50.0,0.0
14.04,16.0,46.776339,0.30000000000000004,1.6,1.6,50.0,0.0
14.05,16.0,46.846342,0.30000000000000004,1.6,1.6,50.0,0.0
14.06,16.0,46.916346000000004,0.30000000000000004,1.6,1.6,50.0,0.0
14.07,16.0,46.986349000000004,0.30000000000000004,1.6,1.6,50.0,0.0
14.08,16.0,47.056353,0.30000000000000004,1.6,1.6,50.0,0.0
14.09,16.0,47.126356,0.30000000000000004,1.6,1.6,50.0,0.0
14.1,16.0,47.19636,0.30000000000000004,1.6,1.6,50.0,0.0
14.11,16.0,47.266363,0.30000000000000004,1.6,1.6,50.0,0.0
14.12,16.0,47.336366999999996,0.30000000000000004,1.6,1.6,50.0,0.0
14.13,16.0,47.406369999999995,0.30000000000000004,1.6,1.6,50.0,0.0
14.14,16.0,47.476374,0.30000000000000004,1.6,1.6,50.0,0.0
14.15,16.0,47.546377,0.30000000000000004,1.6,1.6,50.0,0.0
14.16,16.0,47.616381000000004,0.30000000000000004,1.6,1.6,50.0,0.0
14.17,16.0,47.686384000000004,0.30000000000000004,1.6,1.6,50.0,0.0
14.18,16.0,47.756388,0.30000000000000004,1.6,1.6,50.0,0.0
14.19,16.0,47.826391,0.30000000000000004,1.6,1.6,50.0,0.0
14.2,16.0,47.896395,0.30000000000000004,1.6,1.6,50.0,0.0
14.21,16.0,47.966398,0.30000000000000004,1.6,1.6,50.0,0.0
14.22,16.0,48.036401999999995,0.30000000000000004,1.6,1.6,50.0,0.0
14.23,16.0,48.106404999999995,0.30000000000000004,1.6,1.6,50.0,0.0
14.24,16.0,48.176409,0.30000000000000004,1.6,1.6,50.0,0.0
14.25,16.0,48.246412,0.30000000000000004,1.6,1.6,50.0,0.0
14.26,16.0,48.316416000000004,0.30000000000000004,1.6,1.6,50.0,0.0
14.27,16.0,48.386419000000004,0.30000000000000004,1.6,1.6,50.0,0.0
14.28,16.0,48.456423,0.30000000000000004,1.6,1.6,50.0,0.0
14.29,16.0,48.526426,0.30000000000000004,1.6,1.6,50.0,0.0
14.3,16.0,48.59643,0.30000000000000004,1.6,1.6,50.0,0.0
14.31,16.0,48.666433,0.30000000000000004,1.6,1.6,50.0,0.0
14.32,16.0,48.736436999999995,0.30000000000000004,1.6,1.6,50.0,0.0
14.33,16.0,48.806439999999995,0.30000000000000004,1.6,1.6,50.0,0.0
14.34,16.0,48.876444,0.30000000000000004,1.6,1.6,50.0,0.0
14.35,16.0,48.946447,0.30000000000000004,1.6,1.6,50.0,0.0
14.36,16.0,49.016451,0.30000000000000004,1.6,1.6,50.0,0.0
14.37,16.0,49.086454,0.30000000000000004,1.6,1.6,50.0,0.0
14.38,16.0,49.156458,0.30000000000000004,1.6,1.6,50.0,0.0
14.39,16.0,49.226461,0.30000000000000004,1.6,1.6,50.0,0.0
14.4,16.0,49.296465,0.30000000000000004,1.6,1.6,50.0,0.0
14.41,16.0,49.366468,0.30000000000000004,1.6,1.6,50.0,0.0
14.42,16.0,49.436471999999995,0.30000000000000004,1.6,1.6,50.0,0.0
14.43,16.0,49.506474999999995,0.30000000000000004,1.6,1.6,50.0,0.0
14.44,16.0,49.576479,0.30000000000000004,1.6,1.6,50.0,0.0
14.45,16.0,49.646482,0.30000000000000004,1.6,1.6,50.0,0.0
14.46,16.0,49.716486,0.30000000000000004,1.6,1.6,50.0,0.0
14.47,16.0,49.786489,0.30000000000000004,1.6,1.6,50.0,0.0
14.48,16.0,49.856493,0.30000000000000004,1.6,1.6,50.0,0.0
14.49,16.0,49.926496,0.30000000000000004,1.6,1.6,50.0,0.0
14.5,16.0,49.9965,0.30000000000000004,1.6,1.6,50.0,0.0
14.51,16.0,50.066503,0.30000000000000004,1.6,1.6,50.0,0.0
14.52,16.0,50.136507,0.30000000000000004,1.6,1.6,50.0,0.0
14.53,16.0,50.20651,0.30000000000000004,1.6,1.6,50.0,0.0
14.54,16.0,50.276514,0.30000000000000004,1.6,1.6,50.0,0.0
14.55,16.0,50.346517,0.30000000000000004,1.6,1.6,50.0,0.0
14.56,16.0,50.416521,0.30000000000000004,1.6,1.6,50.0,0.0
14.57,16.0,50.486524,0.30000000000000004,1.6,1.6,50.0,0.0
14.58,16.0,50.556528,0.30000000000000004,1.6,1.6,50.0,0.0
14.59,16.0,50.626531,0.30000000000000004,1.6,1.6,50.0,0.0
14.6,16.0,50.696535,0.30000000000000004,1.6,1.6,50.0,0.0
14.61,16.0,50.766538,0.30000000000000004,1.6,1.6,50.0,0.0
14.62,16.0,50.836542,0.30000000000000004,1.6,1.6,50.0,0.0
14.63,16.0,50.906545,0.30000000000000004,1.6,1.6,50.0,0.0
14.64,16.0,50.976549,0.30000000000000004,1.6,1.6,50.0,0.0
14.65,16.0,51.046552,0.30000000000000004,1.6,1.6,50.0,0.0
14.66,16.0,51.116556,0.30000000000000004,1.6,1.6,50.0,0.0
14.67,16.0,51.186559,0.30000000000000004,1.6,1.6,50.0,0.0
14.68,16.0,51.256563,0.30000000000000004,1.6,1.6,50.0,0.0
14.69,16.0,51.326566,0.30000000000000004,1.6,1.6,50.0,0.0
14.7,16.0,51.39657,0.30000000000000004,1.6,1.6,50.0,0.0
14.71,16.0,51.466573,0.30000000000000004,1.6,1.6,50.0,0.0
14.72,16.0,51.536577,0.30000000000000004,1.6,1.6,50.0,0.0
14.73,16.0,51.60658,0.30000000000000004,1.6,1.6,50.0,0.0
14.74,16.0,51.676584,0.30000000000000004,1.6,1.6,50.0,0.0
14.75,16.0,51.746587000000005,0.30000000000000004,1.6,1.6,50.0,0.0
14.76,16.0,51.816591,0.30000000000000004,1.6,1.6,50.0,0.0
14.77,16.0,51.886594,0.30000000000000004,1.6,1.6,50.0,0.0
14.78,16.0,51.956598,0.30000000000000004,1.6,1.6,50.0,0.0
14.79,16.0,52.026601,0.30000000000000004,1.6,1.6,50.0,0.0
14.8,16.0,52.096605,0.30000000000000004,1.6,1.6,50.0,0.0
14.81,16.0,52.166608,0.30000000000000004,1.6,1.6,50.0,0.0
14.82,16.0,52.236612,0.30000000000000004,1.6,1.6,50.0,0.0
14.83,16.0,52.306615,0.30000000000000004,1.6,1.6,50.0,0.0
14.84,16.0,52.376619000000005,0.30000000000000004,1.6,1.6,50.0,0.0
14.85,16.0,52.446622000000005,0.30000000000000004,1.6,1.6,50.0,0.0
14.86,16.0,52.516626,0.30000000000000004,1.6,1.6,50.0,0.0
14.87,16.0,52.586629,0.30000000000000004,1.6,1.6,50.0,0.0
14.88,16.0,52.656633,0.30000000000000004,1.6,1.6,50.0,0.0
14.89,16.0,52.726636,0.30000000000000004,1.6,1.6,50.0,0.0
14.9,16.0,52.79664,0.30000000000000004,1.6,1.6,50.0,0.0
14.91,16.0,52.866642999999996,0.30000000000000004,1.6,1.6,50.0,0.0
14.92,16.0,52.936647,0.30000000000000004,1.6,1.6,50.0,0.0
14.93,16.0,53.00665,0.30000000000000004,1.6,1.6,50.0,0.0
14.94,16.0,53.076654000000005,0.30000000000000004,1.6,1.6,50.0,0.0
14.95,16.0,53.146657000000005,0.30000000000000004,1.6,1.6,50.0,0.0
14.96,16.0,53.216661,0.30000000000000004,1.6,1.6,50.0,0.0
14.97,16.0,53.286664,0.30000000000000004,1.6,1.6,50.0,0.0
14.98,16.0,53.356668,0.30000000000000004,1.6,1.6,50.0,0.0
14.99,16.0,53.426671,0.30000000000000004,1.6,1.6,50.0,0.0
15.0,16.0,53.496674999999996,0.30000000000000004,1.6,1.6,50.0,0.0
15.01,16.0,53.566677999999996,0.30000000000000004,1.6,1.6,50.0,0.0
15.02,16.0,53.636682,0.30000000000000004,1.6,1.6,50.0,0.0
15.03,16.0,53.706685,0.30000000000000004,1.6,1.6,50.0,0.0
15.04,16.0,53.776689000000005,0.30000000000000004,1.6,1.6,50.0,0.0
15.05,16.0,53.846692000000004,0.30000000000000004,1.6,1.6,50.0,0.0
15.06,16.0,53.916696,0.30000000000000004,1.6,1.6,50.0,0.0
15.07,16.0,53.986699,0.30000000000000004,1.6,1.6,50.0,0.0
15.08,16.0,54.056703,0.30000000000000004,1.6,1.6,50.0,0.0
15.09,16.0,54.126706,0.30000000000000004,1.6,1.6,50.0,0.0
15.1,16.0,54.196709999999996,0.30000000000000004,1.6,1.6,50.0,0.0
15.11,16.0,54.266712999999996,0.30000000000000004,1.6,1.6,50.0,0.0
15.12,16.0,54.336717,0.30000000000000004,1.6,1.6,50.0,0.0
15.13,16.0,54.40672,0.30000000000000004,1.6,1.6,50.0,0.0
15.14,16.0,54.476724000000004,0.30000000000000004,1.6,1.6,50.0,0.0
15.15,16.0,54.546727000000004,0.30000000000000004,1.6,1.6,50.0,0.0
15.16,16.0,54.616731,0.30000000000000004,1.6,1.6,50.0,0.0
15.17,16.0,54.686734,0.30000000000000004,1.6,1.6,50.0,0.0
15.18,16.0,54.756738,0.30000000000000004,1.6,1.6,50.0,0.0
15.19,16.0,54.826741,0.30000000000000004,1.6,1.6,50.0,0.0
15.2,16.0,54.896744999999996,0.30000000000000004,1.6,1.6,50.0,0.0
15.21,16.0,54.966747999999995,0.30000000000000004,1.6,1.6,50.0,0.0
15.22,16.0,55.036752,0.30000000000000004,1.6,1.6,50.0,0.0
15.23,16.0,55.106755,0.30000000000000004,1.6,1.6,50.0,0.0
15.24,16.0,55.176759000000004,0.30000000000000004,1.6,1.6,50.0,0.0
15.25,16.0,55.246762000000004,0.30000000000000004,1.6,1.6,50.0,0.0
15.26,16.0,55.316766,0.30000000000000004,1.6,1.6,50.0,0.0
15.27,16.0,55.386769,0.30000000000000004,1.6,1.6,50.0,0.0
15.28,16.0,55.456773,0.30000000000000004,1.6,1.6,50.0,0.0
15.29,16.0,55.526776,0.30000000000000004,1.6,1.6,50.0,0.0
15.3,16.0,55.596779999999995,0.30000000000000004,1.6,1.6,50.0,0.0
15.31,16.0,55.666782999999995,0.30000000000000004,1.6,1.6,50.0,0.0
15.32,16.0,55.736787,0.30000000000000004,1.6,1.6,50.0,0.0
15.33,16.0,55.80679,0.30000000000000004,1.6,1.6,50.0,0.0
15.34,16.0,55.876794000000004,0.30000000000000004,1.6,1.6,50.0,0.0
15.35,16.0,55.946797000000004,0.30000000000000004,1.6,1.6,50.0,0.0
15.36,16.0,56.016801,0.30000000000000004,1.6,1.6,50.0,0.0
15.37,16.0,56.086804,0.30000000000000004,1.6,1.6,50.0,0.0
15.38,16.0,56.156808,0.30000000000000004,1.6,1.6,50.0,0.0
15.39,16.0,56.226811,0.30000000000000004,1.6,1.6,50.0,0.0
15.4,16.0,56.296814999999995,0.30000000000000004,1.6,1.6,50.0,0.0
15.41,16.0,56.366817999999995,0.30000000000000004,1.6,1.6,50.0,0.0
15.42,16.0,56.436822,0.30000000000000004,1.6,1.6,50.0,0.0
15.43,16.0,56.506825,0.30000000000000004,1.6,1.6,50.0,0.0
15.44,16.0,56.576829000000004,0.30000000000000004,1.6,1.6,50.0,0.0
15.45,16.0,56.646832,0.30000000000000004,1.6,1.6,50.0,0.0
15.46,16.0,56.716836,0.30000000000000004,1.6,1.6,50.0,0.0
15.47,16.0,56.786839,0.30000000000000004,1.6,1.6,50.0,0.0
15.48,16.0,56.856843,0.30000000000000004,1.6,1.6,50.0,0.0
15.49,16.0,56.926846,0.30000000000000004,1.6,1.6,50.0,0.0
15.5,16.0,56.996849999999995,0.30000000000000004,1.6,1.6,50.0,0.0
15.51,16.0,57.066852999999995,0.30000000000000004,1.6,1.6,50.0,0.0
15.52,16.0,57.136857,0.30000000000000004,1.6,1.6,50.0,0.0
15.53,16.0,57.20686,0.30000000000000004,1.6,1.6,50.0,0.0
15.54,16.0,57.276864,0.30000000000000004,1.6,1.6,50.0,0.0
15.55,16.0,57.346867,0.30000000000000004,1.6,1.6,50.0,0.0
15.56,16.0,57.416871,0.30000000000000004,1.6,1.6,50.0,0.0
15.57,16.0,57.486874,0.30000000000000004,1.6,1.6,50.0,0.0
15.58,16.0,57.556878,0.30000000000000004,1.6,1.6,50.0,0.0
15.59,16.0,57.626881,0.30000000000000004,1.6,1.6,50.0,0.0
15.6,16.0,57.696885,0.30000000000000004,1.6,1.6,50.0,0.0
15.61,16.0,57.766888,0.30000000000000004,1.6,1.6,50.0,0.0
15.62,16.0,57.836892,0.30000000000000004,1.6,1.6,50.0,0.0
15.63,16.0,57.906895,0.30000000000000004,1.6,1.6,50.0,0.0
15.64,16.0,57.976899,0.30000000000000004,1.6,1.6,50.0,0.0
15.65,16.0,58.046902,0.30000000000000004,1.6,1.6,50.0,0.0
15.66,16.0,58.116906,0.30000000000000004,1.6,1.6,50.0,0.0
15.67,16.0,58.186909,0.30000000000000004,1.6,1.6,50.0,0.0
15.68,16.0,58.256913,0.30000000000000004,1.6,1.6,50.0,0.0
15.69,16.0,58.326916,0.30000000000000004,1.6,1.6,50.0,0.0
15.7,16.0,58.39692,0.30000000000000004,1.6,1.6,50.0,0.0
15.71,16.0,58.466923,0.30000000000000004,1.6,1.6,50.0,0.0
15.72,16.0,58.536927,0.30000000000000004,1.6,1.6,50.0,0.0
15.73,16.0,58.60693,0.30000000000000004,1.6,1.6,50.0,0.0
15.74,16.0,58.676934,0.30000000000000004,1.6,1.6,50.0,0.0
15.75,16.0,58.746937,0.30000000000000004,1.6,1.6,50.0,0.0
15.76,16.0,58.816941,0.30000000000000004,1.6,1.6,50.0,0.0
15.77,16.0,58.886944,0.30000000000000004,1.6,1.6,50.0,0.0
15.78,16.0,58.956948,0.30000000000000004,1.6,1.6,50.0,0.0
15.79,16.0,59.026951,0.30000000000000004,1.6,1.6,50.0,0.0
15.8,16.0,59.09695500000001,0.30000000000000004,1.6,1.6,50.0,0.0
15.81,16.0,59.166957999999994,0.30000000000000004,1.6,1.6,50.0,0.0
15.82,16.0,59.236962000000005,0.30000000000000004,1.6,1.6,50.0,0.0
15.83,16.0,59.306965000000005,0.30000000000000004,1.6,1.6,50.0,0.0
15.84,16.0,59.376969,0.30000000000000004,1.6,1.6,50.0,0.0
15.85,16.0,59.446972,0.30000000000000004,1.6,1.6,50.0,0.0
15.86,16.0,59.516976,0.30000000000000004,1.6,1.6,50.0,0.0
15.87,16.0,59.586979,0.30000000000000004,1.6,1.6,50.0,0.0
15.88,16.0,59.656983,0.30000000000000004,1.6,1.6,50.0,0.0
15.89,16.0,59.726986,0.30000000000000004,1.6,1.6,50.0,0.0
15.9,16.0,59.796989999999994,0.30000000000000004,1.6,1.6,50.0,0.0
15.91,16.0,59.86699300000001,0.30000000000000004,1.6,1.6,50.0,0.0
15.92,16.0,59.936997000000005,0.30000000000000004,1.6,1.6,50.0,0.0
